Network,Tag
2001:67c:4e8::/48,YY
2001:b28:f23f::/48,YY
2400:6680::/32,YY
2400:6680:f000::/36,YY
2606:1f80::/32,YY
2606:1f80:f000::/36,YY
2a04:9d40::/29,YY
2a04:9d40:f000::/36,YY
2401:db00::/32,YY
2620:0:1c00::/40,YY
2620:0:1cfa::/48,YY
2620:0:1cff::/48,YY
2a03:2880:1000::/36,YY
2a03:2880:2000::/36,YY
2a03:2880:3000::/36,YY
2a03:2880:4000::/36,YY
2a03:2880:5000::/36,YY
2a03:2880:6000::/36,YY
2a03:2880:7000::/36,YY
2a03:2880::/32,YY
2a03:2880::/36,YY
2a03:2880:f000::/36,YY
2a03:2880:f001::/48,YY
2a03:2880:f003::/48,YY
2a03:2880:f004::/48,YY
2a03:2880:f005::/48,YY
2a03:2880:f006::/48,YY
2a03:2880:f007::/48,YY
2a03:2880:f008::/48,YY
2a03:2880:f00a::/48,YY
2a03:2880:f00c::/48,YY
2a03:2880:f00d::/48,YY
2a03:2880:f00e::/48,YY
2a03:2880:f00f::/48,YY
2a03:2880:f010::/48,YY
2a03:2880:f011::/48,YY
2a03:2880:f012::/48,YY
2a03:2880:f013::/48,YY
2a03:2880:f016::/48,YY
2a03:2880:f017::/48,YY
2a03:2880:f019::/48,YY
2a03:2880:f01b::/48,YY
2a03:2880:f01c::/48,YY
2a03:2880:f01f::/48,YY
2a03:2880:f021::/48,YY
2a03:2880:f023::/48,YY
2a03:2880:f024::/48,YY
2a03:2880:f027::/48,YY
2a03:2880:f028::/48,YY
2a03:2880:f029::/48,YY
2a03:2880:f02a::/48,YY
2a03:2880:f02b::/48,YY
2a03:2880:f02c::/48,YY
2a03:2880:f02d::/48,YY
2a03:2880:f02e::/48,YY
2a03:2880:f02f::/48,YY
2a03:2880:f030::/48,YY
2a03:2880:f031::/48,YY
2a03:2880:f032::/48,YY
2a03:2880:f033::/48,YY
2a03:2880:f034::/48,YY
2a03:2880:f035::/48,YY
2a03:2880:f036::/48,YY
2a03:2880:f037::/48,YY
2a03:2880:f038::/48,YY
2a03:2880:f03a::/48,YY
2a03:2880:f03b::/48,YY
2a03:2880:f03d::/48,YY
2a03:2880:f03e::/48,YY
2a03:2880:f03f::/48,YY
2a03:2880:f040::/48,YY
2a03:2880:f041::/48,YY
2a03:2880:f042::/48,YY
2a03:2880:f043::/48,YY
2a03:2880:f044::/48,YY
2a03:2880:f045::/48,YY
2a03:2880:f046::/48,YY
2a03:2880:f047::/48,YY
2a03:2880:f048::/48,YY
2a03:2880:f04a::/48,YY
2a03:2880:f04b::/48,YY
2a03:2880:f04c::/48,YY
2a03:2880:f04d::/48,YY
2a03:2880:f04e::/48,YY
2a03:2880:f04f::/48,YY
2a03:2880:f050::/48,YY
2a03:2880:f052::/48,YY
2a03:2880:f053::/48,YY
2a03:2880:f054::/48,YY
2a03:2880:f055::/48,YY
2a03:2880:f056::/48,YY
2a03:2880:f057::/48,YY
2a03:2880:f058::/48,YY
2a03:2880:f059::/48,YY
2a03:2880:f05a::/48,YY
2a03:2880:f05b::/48,YY
2a03:2880:f05c::/48,YY
2a03:2880:f05d::/48,YY
2a03:2880:f05e::/48,YY
2a03:2880:f060::/48,YY
2a03:2880:f061::/48,YY
2a03:2880:f065::/48,YY
2a03:2880:f066::/48,YY
2a03:2880:f067::/48,YY
2a03:2880:f068::/48,YY
2a03:2880:f06a::/48,YY
2a03:2880:f06b::/48,YY
2a03:2880:f06d::/48,YY
2a03:2880:f06f::/48,YY
2a03:2880:f070::/48,YY
2a03:2880:f071::/48,YY
2a03:2880:f073::/48,YY
2a03:2880:f074::/48,YY
2a03:2880:f076::/48,YY
2a03:2880:f077::/48,YY
2a03:2880:f078::/48,YY
2a03:2880:f07d::/48,YY
2a03:2880:f07e::/48,YY
2a03:2880:f080::/48,YY
2a03:2880:f081::/48,YY
2a03:2880:f082::/48,YY
2a03:2880:f083::/48,YY
2a03:2880:f084::/48,YY
2a03:2880:f085::/48,YY
2a03:2880:f086::/48,YY
2a03:2880:f08a::/48,YY
2a03:2880:f08e::/48,YY
2a03:2880:f0fc::/47,YY
2a03:2880:f0fc::/48,YY
2a03:2880:f0fd::/48,YY
2a03:2880:f0ff::/48,YY
2a03:2880:f101::/48,YY
2a03:2880:f103::/48,YY
2a03:2880:f104::/48,YY
2a03:2880:f105::/48,YY
2a03:2880:f106::/48,YY
2a03:2880:f107::/48,YY
2a03:2880:f108::/48,YY
2a03:2880:f10a::/48,YY
2a03:2880:f10c::/48,YY
2a03:2880:f10d::/48,YY
2a03:2880:f10e::/48,YY
2a03:2880:f10f::/48,YY
2a03:2880:f110::/48,YY
2a03:2880:f111::/48,YY
2a03:2880:f112::/48,YY
2a03:2880:f113::/48,YY
2a03:2880:f116::/48,YY
2a03:2880:f117::/48,YY
2a03:2880:f119::/48,YY
2a03:2880:f11b::/48,YY
2a03:2880:f11c::/48,YY
2a03:2880:f11f::/48,YY
2a03:2880:f121::/48,YY
2a03:2880:f123::/48,YY
2a03:2880:f124::/48,YY
2a03:2880:f127::/48,YY
2a03:2880:f128::/48,YY
2a03:2880:f129::/48,YY
2a03:2880:f12a::/48,YY
2a03:2880:f12b::/48,YY
2a03:2880:f12c::/48,YY
2a03:2880:f12d::/48,YY
2a03:2880:f12e::/48,YY
2a03:2880:f12f::/48,YY
2a03:2880:f130::/48,YY
2a03:2880:f131::/48,YY
2a03:2880:f132::/48,YY
2a03:2880:f133::/48,YY
2a03:2880:f134::/48,YY
2a03:2880:f135::/48,YY
2a03:2880:f136::/48,YY
2a03:2880:f137::/48,YY
2a03:2880:f138::/48,YY
2a03:2880:f13a::/48,YY
2a03:2880:f13b::/48,YY
2a03:2880:f13d::/48,YY
2a03:2880:f13e::/48,YY
2a03:2880:f13f::/48,YY
2a03:2880:f140::/48,YY
2a03:2880:f141::/48,YY
2a03:2880:f142::/48,YY
2a03:2880:f143::/48,YY
2a03:2880:f144::/48,YY
2a03:2880:f145::/48,YY
2a03:2880:f146::/48,YY
2a03:2880:f147::/48,YY
2a03:2880:f148::/48,YY
2a03:2880:f14a::/48,YY
2a03:2880:f14b::/48,YY
2a03:2880:f14c::/48,YY
2a03:2880:f14d::/48,YY
2a03:2880:f14e::/48,YY
2a03:2880:f14f::/48,YY
2a03:2880:f150::/48,YY
2a03:2880:f152::/48,YY
2a03:2880:f153::/48,YY
2a03:2880:f154::/48,YY
2a03:2880:f155::/48,YY
2a03:2880:f156::/48,YY
2a03:2880:f157::/48,YY
2a03:2880:f158::/48,YY
2a03:2880:f159::/48,YY
2a03:2880:f15a::/48,YY
2a03:2880:f15b::/48,YY
2a03:2880:f15c::/48,YY
2a03:2880:f15d::/48,YY
2a03:2880:f15e::/48,YY
2a03:2880:f160::/48,YY
2a03:2880:f161::/48,YY
2a03:2880:f162::/48,YY
2a03:2880:f163::/48,YY
2a03:2880:f164::/48,YY
2a03:2880:f165::/48,YY
2a03:2880:f166::/48,YY
2a03:2880:f167::/48,YY
2a03:2880:f168::/48,YY
2a03:2880:f169::/48,YY
2a03:2880:f16a::/48,YY
2a03:2880:f16b::/48,YY
2a03:2880:f16c::/48,YY
2a03:2880:f16d::/48,YY
2a03:2880:f16e::/48,YY
2a03:2880:f16f::/48,YY
2a03:2880:f170::/48,YY
2a03:2880:f171::/48,YY
2a03:2880:f172::/48,YY
2a03:2880:f173::/48,YY
2a03:2880:f174::/48,YY
2a03:2880:f175::/48,YY
2a03:2880:f176::/48,YY
2a03:2880:f177::/48,YY
2a03:2880:f178::/48,YY
2a03:2880:f179::/48,YY
2a03:2880:f17a::/48,YY
2a03:2880:f17b::/48,YY
2a03:2880:f1fc::/47,YY
2a03:2880:f1fc::/48,YY
2a03:2880:f1fd::/48,YY
2a03:2880:f1ff::/48,YY
2a03:2880:f201::/48,YY
2a03:2880:f203::/48,YY
2a03:2880:f204::/48,YY
2a03:2880:f205::/48,YY
2a03:2880:f206::/48,YY
2a03:2880:f207::/48,YY
2a03:2880:f208::/48,YY
2a03:2880:f20a::/48,YY
2a03:2880:f20c::/48,YY
2a03:2880:f20d::/48,YY
2a03:2880:f20e::/48,YY
2a03:2880:f20f::/48,YY
2a03:2880:f210::/48,YY
2a03:2880:f211::/48,YY
2a03:2880:f212::/48,YY
2a03:2880:f213::/48,YY
2a03:2880:f216::/48,YY
2a03:2880:f217::/48,YY
2a03:2880:f219::/48,YY
2a03:2880:f21b::/48,YY
2a03:2880:f21c::/48,YY
2a03:2880:f21f::/48,YY
2a03:2880:f221::/48,YY
2a03:2880:f223::/48,YY
2a03:2880:f224::/48,YY
2a03:2880:f227::/48,YY
2a03:2880:f228::/48,YY
2a03:2880:f229::/48,YY
2a03:2880:f22a::/48,YY
2a03:2880:f22b::/48,YY
2a03:2880:f22c::/48,YY
2a03:2880:f22d::/48,YY
2a03:2880:f22e::/48,YY
2a03:2880:f22f::/48,YY
2a03:2880:f230::/48,YY
2a03:2880:f231::/48,YY
2a03:2880:f232::/48,YY
2a03:2880:f233::/48,YY
2a03:2880:f234::/48,YY
2a03:2880:f235::/48,YY
2a03:2880:f236::/48,YY
2a03:2880:f237::/48,YY
2a03:2880:f238::/48,YY
2a03:2880:f23a::/48,YY
2a03:2880:f23b::/48,YY
2a03:2880:f23d::/48,YY
2a03:2880:f23e::/48,YY
2a03:2880:f23f::/48,YY
2a03:2880:f240::/48,YY
2a03:2880:f241::/48,YY
2a03:2880:f242::/48,YY
2a03:2880:f243::/48,YY
2a03:2880:f244::/48,YY
2a03:2880:f245::/48,YY
2a03:2880:f246::/48,YY
2a03:2880:f247::/48,YY
2a03:2880:f248::/48,YY
2a03:2880:f24a::/48,YY
2a03:2880:f24b::/48,YY
2a03:2880:f24c::/48,YY
2a03:2880:f24d::/48,YY
2a03:2880:f24e::/48,YY
2a03:2880:f24f::/48,YY
2a03:2880:f250::/48,YY
2a03:2880:f252::/48,YY
2a03:2880:f253::/48,YY
2a03:2880:f254::/48,YY
2a03:2880:f255::/48,YY
2a03:2880:f256::/48,YY
2a03:2880:f257::/48,YY
2a03:2880:f258::/48,YY
2a03:2880:f259::/48,YY
2a03:2880:f25a::/48,YY
2a03:2880:f25b::/48,YY
2a03:2880:f25c::/48,YY
2a03:2880:f25d::/48,YY
2a03:2880:f25e::/48,YY
2a03:2880:f260::/48,YY
2a03:2880:f261::/48,YY
2a03:2880:f262::/48,YY
2a03:2880:f263::/48,YY
2a03:2880:f264::/48,YY
2a03:2880:f265::/48,YY
2a03:2880:f266::/48,YY
2a03:2880:f267::/48,YY
2a03:2880:f268::/48,YY
2a03:2880:f269::/48,YY
2a03:2880:f26a::/48,YY
2a03:2880:f26b::/48,YY
2a03:2880:f26c::/48,YY
2a03:2880:f26d::/48,YY
2a03:2880:f26e::/48,YY
2a03:2880:f26f::/48,YY
2a03:2880:f270::/48,YY
2a03:2880:f271::/48,YY
2a03:2880:f272::/48,YY
2a03:2880:f273::/48,YY
2a03:2880:f274::/48,YY
2a03:2880:f275::/48,YY
2a03:2880:f276::/48,YY
2a03:2880:f277::/48,YY
2a03:2880:f278::/48,YY
2a03:2880:f279::/48,YY
2a03:2880:f27a::/48,YY
2a03:2880:f27b::/48,YY
2a03:2880:f2ff::/48,YY
2a03:2880:ff08::/48,YY
2a03:2880:ff09::/48,YY
2a03:2880:ff0a::/48,YY
2a03:2880:ff0b::/48,YY
2a03:2880:ff0c::/48,YY
2a03:2880:fffe::/48,YY
2a03:2880:ffff::/48,YY
2a03:2881:10::/48,YY
2a03:2881:11::/48,YY
2a03:2881:12::/48,YY
2a03:2881:13::/48,YY
2a03:2881:14::/48,YY
2a03:2881:15::/48,YY
2a03:2881:16::/48,YY
2a03:2881:17::/48,YY
2a03:2881:18::/48,YY
2a03:2881:19::/48,YY
2a03:2881:1::/48,YY
2a03:2881:1a::/48,YY
2a03:2881:1b::/48,YY
2a03:2881:1c::/48,YY
2a03:2881:1e::/48,YY
2a03:2881:2::/48,YY
2a03:2881:3::/48,YY
2a03:2881:4000::/48,YY
2a03:2881:4001::/48,YY
2a03:2881:4002::/48,YY
2a03:2881:4003::/48,YY
2a03:2881:4004::/48,YY
2a03:2881:4005::/48,YY
2a03:2881:4006::/48,YY
2a03:2881:4007::/48,YY
2a03:2881:4008::/48,YY
2a03:2881:4009::/48,YY
2a03:2881:400a::/48,YY
2a03:2881:400b::/48,YY
2a03:2881:400c::/48,YY
2a03:2881:400d::/48,YY
2a03:2881:48::/45,YY
2a03:2881:4::/48,YY
2a03:2881:5::/48,YY
2a03:2881:6::/48,YY
2a03:2881:7::/48,YY
2a03:2881:8::/48,YY
2a03:2881:9::/48,YY
2a03:2881::/32,YY
2a03:2881::/48,YY
2a03:2881:a::/48,YY
2a03:2881:b::/48,YY
2a03:2881:c::/48,YY
2a03:2881:d::/48,YY
2a03:2881:e::/48,YY
2a03:2881:f::/48,YY
2a03:83e0::/32,YY
2a10:f781:10:cee0::/64,YY
2620:13E:1000::/44,YY
2620:13e:1000::/44,YY
2620:13e:100c::/48,YY
2620:13e:100d::/48,YY
2620:13e:100e::/48,YY
2620:13e:100f::/48,YY
2001:1900:2292::/48,YY
2001:4860:4864::/48,YY
2001:4860::/32,YY
2401:fa00:4::/48,YY
2401:fa00::/32,YY
2401:fa00::/42,YY
2404:6800:4001::/48,YY
2404:6800:4002::/48,YY
2404:6800:4003::/48,YY
2404:6800:4004::/48,YY
2404:6800:4005::/48,YY
2404:6800:4006::/48,YY
2404:6800:4007::/48,YY
2404:6800:4008::/48,YY
2404:6800:4009::/48,YY
2404:6800:400a::/48,YY
2404:6800:480e::/48,YY
2404:6800::/32,YY
2404:f340::/32,YY
2600:1900:2000::/35,YY
2600:1900:4000::/35,YY
2600:1900:6000::/35,YY
2600:1900:8000::/35,YY
2600:1900::/28,YY
2600:1900::/31,YY
2600:1900::/35,YY
2600:1900:a000::/35,YY
2600:1900:c000::/35,YY
2600:1900:e000::/35,YY
2600:1901:2000::/35,YY
2600:1901:4000::/35,YY
2600:1901:6000::/35,YY
2600:1901:8000::/35,YY
2600:1901::/35,YY
2600:1901:a000::/35,YY
2600:1901:c000::/35,YY
2600:1901:e000::/35,YY
2600:1902:2000::/35,YY
2600:1902:4000::/35,YY
2600:1902:6000::/35,YY
2600:1902:8000::/35,YY
2600:1902::/35,YY
2600:1902:a000::/35,YY
2600:1902:c000::/35,YY
2600:1902:e000::/35,YY
2600:1903:2000::/35,YY
2600:1903:4000::/35,YY
2600:1903:6000::/35,YY
2600:1903:8000::/35,YY
2600:1903::/35,YY
2600:1903:a000::/35,YY
2600:1903:c000::/35,YY
2600:1903:e000::/35,YY
2600:1904:2000::/35,YY
2600:1904:4000::/35,YY
2600:1904:6000::/35,YY
2600:1904:8000::/35,YY
2600:1904::/30,YY
2600:1904::/35,YY
2600:1904:a000::/35,YY
2600:1904:c000::/35,YY
2600:1904:e000::/35,YY
2600:1905:2000::/35,YY
2600:1905:4000::/35,YY
2600:1905:6000::/35,YY
2600:1905:8000::/35,YY
2600:1905::/35,YY
2600:1905:a000::/35,YY
2600:1905:c000::/35,YY
2600:1905:e000::/35,YY
2600:1906:2000::/35,YY
2600:1906:4000::/35,YY
2600:1906:6000::/35,YY
2600:1906:8000::/35,YY
2600:1906::/35,YY
2600:1906:a000::/35,YY
2600:1906:c000::/35,YY
2600:1906:e000::/35,YY
2600:1907:2000::/35,YY
2600:1907:4000::/35,YY
2600:1907:6000::/35,YY
2600:1907:8000::/35,YY
2600:1907::/35,YY
2600:1907:a000::/35,YY
2600:1907:c000::/35,YY
2600:1907:e000::/35,YY
2600:1908:2000::/35,YY
2600:1908:4000::/35,YY
2600:1908:6000::/35,YY
2600:1908:8000::/35,YY
2600:1908::/29,YY
2600:1908::/35,YY
2600:1908:a000::/35,YY
2600:1908:c000::/35,YY
2600:1908:e000::/35,YY
2600:1909:2000::/35,YY
2600:1909:4000::/35,YY
2600:1909:6000::/35,YY
2600:1909:8000::/35,YY
2600:1909::/35,YY
2600:1909:a000::/35,YY
2600:1909:c000::/35,YY
2600:1909:e000::/35,YY
2600:190a:2000::/35,YY
2600:190a:4000::/35,YY
2600:190a:6000::/35,YY
2600:190a:8000::/35,YY
2600:190a::/35,YY
2600:190a:a000::/35,YY
2600:190a:c000::/35,YY
2600:190a:e000::/35,YY
2600:190b:2000::/35,YY
2600:190b:4000::/35,YY
2600:190b:6000::/35,YY
2600:190b:8000::/35,YY
2600:190b::/35,YY
2600:190b:a000::/35,YY
2600:190b:c000::/35,YY
2600:190b:e000::/35,YY
2600:190c:2000::/35,YY
2600:190c:4000::/35,YY
2600:190c:6000::/35,YY
2600:190c:8000::/35,YY
2600:190c::/35,YY
2600:190c:a000::/35,YY
2600:190c:c000::/35,YY
2600:190c:e000::/35,YY
2600:190d:2000::/35,YY
2600:190d:4000::/35,YY
2600:190d:6000::/35,YY
2600:190d:8000::/35,YY
2600:190d::/35,YY
2600:190d:a000::/35,YY
2600:190d:c000::/35,YY
2600:190d:e000::/35,YY
2600:190e:2000::/35,YY
2600:190e:4000::/35,YY
2600:190e:6000::/35,YY
2600:190e:8000::/35,YY
2600:190e::/35,YY
2600:190e:a000::/35,YY
2600:190e:c000::/35,YY
2600:190e:e000::/35,YY
2600:190f:2000::/35,YY
2600:190f:4000::/35,YY
2600:190f:6000::/35,YY
2600:190f:8000::/35,YY
2600:190f::/35,YY
2600:190f:a000::/35,YY
2600:190f:c000::/35,YY
2600:190f:e000::/35,YY
2604:31C0::/32,YY
2606:73c0::/32,YY
2607:f8b0:1001::/48,YY
2607:f8b0:4000::/48,YY
2607:f8b0:4001::/48,YY
2607:f8b0:4002::/48,YY
2607:f8b0:4003::/48,YY
2607:f8b0:4004::/48,YY
2607:f8b0:4005::/48,YY
2607:f8b0:4006::/48,YY
2607:f8b0:4007::/48,YY
2607:f8b0:4008::/48,YY
2607:f8b0:4009::/48,YY
2607:f8b0:400a::/48,YY
2607:f8b0:400b::/48,YY
2607:f8b0:400c::/48,YY
2607:f8b0:400d::/48,YY
2607:f8b0:400e::/48,YY
2607:f8b0:400f::/48,YY
2607:f8b0:4010::/48,YY
2607:f8b0:4011::/48,YY
2607:f8b0:4012::/48,YY
2607:f8b0:4013::/48,YY
2607:f8b0:4014::/48,YY
2607:f8b0:4015::/48,YY
2607:f8b0:4016::/48,YY
2607:f8b0:480e::/48,YY
2607:f8b0:480f::/48,YY
2607:f8b0::/32,YY
2620:0:1000::/40,YY
2620:120:e000::/40,YY
2620:15c::/36,YY
2620:33:c000::/48,YY
2800:3f0:4001::/48,YY
2800:3f0:4002::/48,YY
2800:3f0:4003::/48,YY
2800:3f0:4004::/48,YY
2800:3f0:4005::/48,YY
2800:3f0::/32,YY
2801:0:440::/48,YY
2a00:1450:4001::/48,YY
2a00:1450:4002::/48,YY
2a00:1450:4003::/48,YY
2a00:1450:4004::/48,YY
2a00:1450:4005::/48,YY
2a00:1450:4006::/48,YY
2a00:1450:4007::/48,YY
2a00:1450:4008::/48,YY
2a00:1450:4009::/48,YY
2a00:1450:400a::/48,YY
2a00:1450:400b::/48,YY
2a00:1450:400c::/48,YY
2a00:1450:400d::/48,YY
2a00:1450:400e::/48,YY
2a00:1450:400f::/48,YY
2a00:1450:4010::/48,YY
2a00:1450:4011::/48,YY
2a00:1450:4012::/48,YY
2a00:1450:4013::/48,YY
2a00:1450:4014::/48,YY
2a00:1450:4015::/48,YY
2a00:1450:4016::/48,YY
2a00:1450:4017::/48,YY
2a00:1450:4018::/48,YY
2a00:1450:4019::/48,YY
2a00:1450:401a::/48,YY
2a00:1450:401b::/48,YY
2a00:1450:401c::/48,YY
2a00:1450:480e::/48,YY
2a00:1450::/32,YY
2a00:79e0::/31,YY
2a00:79e0::/32,YY
2a00:79e1:380::/42,YY
2a00:79e1::/32,YY
2a00:79e1:f00::/40,YY
2c0f:fb50:4002::/48,YY
2c0f:fb50:4003::/48,YY
2c0f:fb50::/32,YY
2001:4860:1025::/48,YY
2001:4860:3::/64,YY
2001:4860:6::/64,YY
2600:1900:4110:800::/53,YY
2600:1900:4110::/64,YY
2600:1900:4110:fc0::/60,YY
2600:1900:4110:fd0::/60,YY
2607:fdc0:11::/48,YY
2620:11a:a000::/40,YY
2620:11a:a000::/48,YY
2620:11a:a001::/48,YY
2620:11a:a002::/48,YY
2620:11a:a003::/48,YY
2620:11a:a004::/48,YY
2620:11a:a005::/48,YY
2620:11a:a006::/48,YY
2620:11a:a007::/48,YY
2620:11a:a008::/48,YY
2620:11a:a009::/48,YY
2620:11a:a00a::/48,YY
2620:11a:a00b::/48,YY
2620:11a:a00c::/48,YY
2620:11a:a00d::/48,YY
2620:11a:a00e::/48,YY
2620:11a:a00f::/48,YY
2620:11a:a010::/48,YY
2620:11a:a011::/48,YY
2620:11a:a012::/48,YY
2620:11a:a013::/48,YY
2620:11a:a014::/48,YY
2620:11a:a015::/48,YY
2620:11a:a016::/48,YY
2620:11a:a017::/48,YY
2620:11a:a018::/48,YY
2620:11a:a019::/48,YY
2620:11a:a01a::/48,YY
2620:11a:a01b::/48,YY
2620:11a:a01c::/48,YY
2620:11a:a01d::/48,YY
2620:11a:a01e::/48,YY
2620:11a:a01f::/48,YY
2620:11a:a020::/48,YY
2620:11a:a021::/48,YY
2620:11a:a022::/48,YY
2620:11a:a023::/48,YY
2620:11a:a024::/48,YY
2620:11a:a025::/48,YY
2620:11a:a026::/48,YY
2620:11a:a027::/48,YY
2620:11a:a028::/48,YY
2620:11a:a029::/48,YY
2620:11a:a02a::/48,YY
2620:11a:a02b::/48,YY
2620:11a:a02c::/48,YY
2620:11a:a02d::/48,YY
2620:11a:a02e::/48,YY
2620:11a:a02f::/48,YY
2620:11a:a030::/48,YY
2620:11a:a031::/48,YY
2620:11a:a032::/48,YY
2620:11a:a033::/48,YY
2620:11a:a034::/48,YY
2620:11a:a035::/48,YY
2620:11a:a036::/48,YY
2620:11a:a037::/48,YY
2620:11a:a038::/48,YY
2620:11a:a039::/48,YY
2620:11a:a03a::/48,YY
2620:11a:a03b::/48,YY
2620:11a:a03c::/48,YY
2620:11a:a03d::/48,YY
2620:11a:a03e::/48,YY
2620:11a:a03f::/48,YY
2620:11a:a040::/48,YY
2620:11a:a041::/48,YY
2620:11a:a042::/48,YY
2620:11a:a043::/48,YY
2620:11a:a044::/48,YY
2620:11a:a045::/48,YY
2620:11a:a046::/48,YY
2620:11a:a047::/48,YY
2620:11a:a048::/48,YY
2620:11a:a049::/48,YY
2620:11a:a04a::/48,YY
2620:11a:a04b::/48,YY
2620:11a:a04c::/48,YY
2620:11a:a04d::/48,YY
2620:11a:a04e::/48,YY
2620:11a:a04f::/48,YY
2620:11a:a050::/48,YY
2620:11a:a051::/48,YY
2620:11a:a052::/48,YY
2620:11a:a053::/48,YY
2620:11a:a054::/48,YY
2620:11a:a055::/48,YY
2620:11a:a056::/48,YY
2620:11a:a057::/48,YY
2620:11a:a058::/48,YY
2620:11a:a059::/48,YY
2620:11a:a05a::/48,YY
2620:11a:a05b::/48,YY
2620:11a:a05c::/48,YY
2620:11a:a05d::/48,YY
2620:11a:a05e::/48,YY
2620:11a:a05f::/48,YY
2620:11a:a060::/48,YY
2620:11a:a061::/48,YY
2620:11a:a062::/48,YY
2620:11a:a063::/48,YY
2620:11a:a064::/48,YY
2620:11a:a065::/48,YY
2620:11a:a066::/48,YY
2620:11a:a067::/48,YY
2620:11a:a068::/48,YY
2620:11a:a069::/48,YY
2620:11a:a06a::/48,YY
2620:11a:a06b::/48,YY
2620:11a:a06c::/48,YY
2620:11a:a06d::/48,YY
2620:11a:a06e::/48,YY
2620:11a:a06f::/48,YY
2620:11a:a070::/48,YY
2620:11a:a071::/48,YY
2620:11a:a072::/48,YY
2620:11a:a073::/48,YY
2620:11a:a074::/48,YY
2620:11a:a075::/48,YY
2620:11a:a076::/48,YY
2620:11a:a077::/48,YY
2620:11a:a078::/48,YY
2620:11a:a079::/48,YY
2620:11a:a07a::/48,YY
2620:11a:a07b::/48,YY
2620:11a:a07c::/48,YY
2620:11a:a07d::/48,YY
2620:11a:a07e::/48,YY
2620:11a:a07f::/48,YY
2620:11a:a080::/48,YY
2620:11a:a081::/48,YY
2620:11a:a082::/48,YY
2620:11a:a083::/48,YY
2620:11a:a084::/48,YY
2620:11a:a085::/48,YY
2620:11a:a086::/48,YY
2620:11a:a087::/48,YY
2620:11a:a088::/48,YY
2620:11a:a089::/48,YY
2620:11a:a08a::/48,YY
2620:11a:a08b::/48,YY
2620:11a:a08c::/48,YY
2620:11a:a08d::/48,YY
2620:11a:a08e::/48,YY
2620:11a:a08f::/48,YY
2620:11a:a090::/48,YY
2620:11a:a091::/48,YY
2620:11a:a092::/48,YY
2620:11a:a093::/48,YY
2620:11a:a094::/48,YY
2620:11a:a095::/48,YY
2620:11a:a096::/48,YY
2620:11a:a097::/48,YY
2620:11a:a098::/48,YY
2620:11a:a099::/48,YY
2620:11a:a09a::/48,YY
2620:11a:a09b::/48,YY
2620:11a:a09c::/48,YY
2620:11a:a09d::/48,YY
2620:11a:a09e::/48,YY
2620:11a:a09f::/48,YY
2620:11a:a0a0::/48,YY
2620:11a:a0a1::/48,YY
2620:11a:a0a2::/48,YY
2620:11a:a0a3::/48,YY
2620:11a:a0a4::/48,YY
2620:11a:a0a5::/48,YY
2620:11a:a0a6::/48,YY
2620:11a:a0a7::/48,YY
2620:11a:a0a8::/48,YY
2620:11a:a0a9::/48,YY
2620:11a:a0aa::/48,YY
2620:11a:a0ab::/48,YY
2620:11a:a0ac::/48,YY
2620:11a:a0ad::/48,YY
2620:11a:a0ae::/48,YY
2620:11a:a0af::/48,YY
2620:11a:a0b0::/48,YY
2620:11a:a0b1::/48,YY
2620:11a:a0b2::/48,YY
2620:11a:a0b3::/48,YY
2620:11a:a0b4::/48,YY
2620:11a:a0b5::/48,YY
2620:11a:a0b6::/48,YY
2620:11a:a0b7::/48,YY
2620:11a:a0b8::/48,YY
2620:11a:a0b9::/48,YY
2620:11a:a0ba::/48,YY
2620:11a:a0bb::/48,YY
2620:11a:a0bc::/48,YY
2620:11a:a0bd::/48,YY
2620:11a:a0be::/48,YY
2620:11a:a0bf::/48,YY
2620:11a:a0c0::/48,YY
2620:11a:a0c1::/48,YY
2620:11a:a0c2::/48,YY
2620:11a:a0c3::/48,YY
2620:11a:a0c4::/48,YY
2620:11a:a0c5::/48,YY
2620:11a:a0c6::/48,YY
2620:11a:a0c7::/48,YY
2620:11a:a0c8::/48,YY
2620:11a:a0c9::/48,YY
2620:11a:a0ca::/48,YY
2620:11a:a0cb::/48,YY
2620:11a:a0cc::/48,YY
2620:11a:a0cd::/48,YY
2620:11a:a0ce::/48,YY
2620:11a:a0cf::/48,YY
2620:11a:a0d0::/48,YY
2620:11a:a0d1::/48,YY
2620:11a:a0d2::/48,YY
2620:11a:a0d3::/48,YY
2620:11a:a0d4::/48,YY
2620:11a:a0d5::/48,YY
2620:11a:a0d6::/48,YY
2620:11a:a0d7::/48,YY
2620:11a:a0d8::/48,YY
2620:11a:a0d9::/48,YY
2620:11a:a0da::/48,YY
2620:11a:a0db::/48,YY
2620:11a:a0dc::/48,YY
2620:11a:a0dd::/48,YY
2620:11a:a0de::/48,YY
2620:11a:a0df::/48,YY
2620:11a:a0e0::/48,YY
2620:11a:a0e1::/48,YY
2620:11a:a0e2::/48,YY
2620:11a:a0e3::/48,YY
2620:11a:a0e4::/48,YY
2620:11a:a0e5::/48,YY
2620:11a:a0e6::/48,YY
2620:11a:a0e7::/48,YY
2620:11a:a0e8::/48,YY
2620:11a:a0e9::/48,YY
2620:11a:a0ea::/48,YY
2620:11a:a0eb::/48,YY
2620:11a:a0ec::/48,YY
2620:11a:a0ed::/48,YY
2620:11a:a0ee::/48,YY
2620:11a:a0ef::/48,YY
2620:11a:a0f0::/48,YY
2800:40:0:65::/64,YY
2a00:1588:d801::/48,YY
2a00:1588:d802::/48,YY
2a02:2978:2000:10::/64,YY
2a02:2978:2000:11::/64,YY
2a02:2978:2000:3::/64,YY
2a02:2978:2000:4::/64,YY
2a02:2978:2000:5::/64,YY
2a02:2978:2000:6::/64,YY
2a02:2978:2000:7::/64,YY
2a02:2978:ff04:300::/64,YY
2a02:2978:ff04:400::/64,YY
2a02:2978:ff04:500::/64,YY
2a02:2978:ff04:600::/64,YY
2a02:2978:ff04:700::/64,YY
2a02:2978:ff04:800::/64,YY
2a0f:f4c1:2::/48,YY
2a00:79e0:100::/48,YY
2a00:79e0:101::/48,YY
2a00:79e0:102::/48,YY
2a00:79e0:103::/48,YY
2a00:79e0:104::/48,YY
2a00:79e1:800::/42,YY
2a00:79e1:abc::/46,YY
2a00:79e1:f000::/38,YY
2406:2d40::/32,YY
2406:2d40::/35,YY
2604:ca00:1a0::/43,YY
2604:ca00:8::/48,YY
2604:ca00:9::/48,YY
2604:ca00::/32,YY
2604:ca00:d000::/48,YY
2604:ca00:f000::/48,YY
2604:ca00:f001::/48,YY
2604:ca00:f004::/48,YY
2604:ca00:f008::/48,YY
2604:ca00:f009::/48,YY
2604:ca00:f::/48,YY
2605:59C0::/28,YY
2605:59c0::/28,YY
2605:59c0::/29,YY
2605:59c0::/32,YY
2605:ef80:100::/42,YY
2605:ef80:140::/42,YY
2605:ef80:180::/42,YY
2605:ef80:1c0::/42,YY
2605:ef80:240::/42,YY
2605:ef80:300::/40,YY
2605:ef80:400::/42,YY
2605:ef80:40::/42,YY
2605:ef80:600::/40,YY
2605:ef80:80::/42,YY
2605:ef80:900::/40,YY
2605:ef80::/32,YY
2605:ef80::/42,YY
2605:ef80:c0::/42,YY
2606:40::/32,YY
2803:9810::/35,YY
2a03:ace0:100::/40,YY
2a03:ace0:200::/40,YY
2a03:ace0:300::/40,YY
2a03:ace0::/32,YY
2a0d:3340::/29,YY
2a0d:3340::/32,YY
2a0d:3340::/33,YY
2a00:79e0:500::/40,YY
2a00:79e0:500::/48,YY
2a00:79e0:501::/48,YY
2a00:79e0:502::/48,YY
2a00:79e0:503::/48,YY
2a00:79e0:504::/48,YY
2a00:79e0:505::/48,YY
2a00:79e0:506::/48,YY
2a00:79e0:507::/48,YY
2a00:79e0:508::/48,YY
2a00:79e0:509::/48,YY
2a00:79e0:50a::/48,YY
2a00:79e0:50b::/48,YY
2a00:79e0:50c::/48,YY
2a00:79e0:50d::/48,YY
2a00:79e0:50e::/48,YY
2a00:79e0:50f::/48,YY
2a00:79e0:510::/48,YY
2a00:79e0:511::/48,YY
2a00:79e0:512::/48,YY
2a00:79e0:513::/48,YY
2a00:79e0:514::/48,YY
2a00:79e0:515::/48,YY
2a00:79e0:516::/48,YY
2a00:79e0:517::/48,YY
2a00:79e0:518::/48,YY
2a00:79e0:519::/48,YY
2a00:79e0:51a::/48,YY
2a00:79e0:51b::/48,YY
2a00:79e0:51c::/48,YY
2a00:79e0:51d::/48,YY
2a00:79e0:51e::/48,YY
2a00:79e0:51f::/48,YY
2a00:79e0:520::/48,YY
2a00:79e0:521::/48,YY
2a00:79e0:522::/48,YY
2a00:79e0:523::/48,YY
2a00:79e0:524::/48,YY
2a00:79e0:525::/48,YY
2a00:79e0:526::/48,YY
2a00:79e0:527::/48,YY
2a00:79e0:528::/48,YY
2a00:79e0:529::/48,YY
2a00:79e0:52a::/48,YY
2a00:79e0:52b::/48,YY
2a00:79e0:52c::/48,YY
2a00:79e0:52d::/48,YY
2a00:79e0:52e::/48,YY
2a00:79e0:52f::/48,YY
2a00:79e0:530::/48,YY
2a00:79e0:531::/48,YY
2a00:79e0:532::/48,YY
2a00:79e0:533::/48,YY
2a00:79e0:534::/48,YY
2a00:79e0:535::/48,YY
2a00:79e0:536::/48,YY
2a00:79e0:537::/48,YY
2a00:79e0:538::/48,YY
2a00:79e0:539::/48,YY
2a00:79e0:53a::/48,YY
2a00:79e0:53b::/48,YY
2a00:79e0:53c::/48,YY
2a00:79e0:53d::/48,YY
2a00:79e0:53e::/48,YY
2a00:79e0:53f::/48,YY
2a00:79e0:540::/48,YY
2a00:79e0:541::/48,YY
2a00:79e0:542::/48,YY
2a00:79e0:543::/48,YY
2a00:79e0:544::/48,YY
2a00:79e0:545::/48,YY
2a00:79e0:546::/48,YY
2a00:79e0:547::/48,YY
2a00:79e0:548::/48,YY
2a00:79e0:549::/48,YY
2a00:79e0:54a::/48,YY
2a00:79e0:54b::/48,YY
2a00:79e0:54c::/48,YY
2a00:79e0:54d::/48,YY
2a00:79e0:54e::/48,YY
2a00:79e0:54f::/48,YY
2a00:79e0:550::/48,YY
2a00:79e0:551::/48,YY
2a00:79e0:552::/48,YY
2a00:79e0:553::/48,YY
2a00:79e0:554::/48,YY
2a00:79e0:555::/48,YY
2a00:79e0:556::/48,YY
2a00:79e0:557::/48,YY
2a00:79e0:558::/48,YY
2a00:79e0:559::/48,YY
2a00:79e0:55a::/48,YY
2a00:79e0:55b::/48,YY
2a00:79e0:55c::/48,YY
2a00:79e0:55d::/48,YY
2a00:79e0:55e::/48,YY
2a00:79e0:55f::/48,YY
2a00:79e0:560::/48,YY
2a00:79e0:561::/48,YY
2a00:79e0:562::/48,YY
2a00:79e0:563::/48,YY
2a00:79e0:564::/48,YY
2a00:79e0:565::/48,YY
2a00:79e0:566::/48,YY
2a00:79e0:567::/48,YY
2a00:79e0:568::/48,YY
2a00:79e0:569::/48,YY
2a00:79e0:56a::/48,YY
2a00:79e0:56b::/48,YY
2a00:79e0:56c::/48,YY
2a00:79e0:56d::/48,YY
2a00:79e0:56e::/48,YY
2a00:79e0:56f::/48,YY
2a00:79e0:570::/48,YY
2a00:79e0:571::/48,YY
2a00:79e0:572::/48,YY
2a00:79e0:573::/48,YY
2a00:79e0:574::/48,YY
2a00:79e0:575::/48,YY
2a00:79e0:576::/48,YY
2a00:79e0:577::/48,YY
2a00:79e0:578::/48,YY
2a00:79e0:579::/48,YY
2a00:79e0:57a::/48,YY
2a00:79e0:57b::/48,YY
2a00:79e0:57c::/48,YY
2a00:79e0:57d::/48,YY
2a00:79e0:57e::/48,YY
2a00:79e0:57f::/48,YY
2a00:79e0:580::/48,YY
2a00:79e0:581::/48,YY
2a00:79e0:582::/48,YY
2a00:79e0:583::/48,YY
2a00:79e0:584::/48,YY
2a00:79e0:585::/48,YY
2a00:79e0:586::/48,YY
2a00:79e0:587::/48,YY
2a00:79e0:588::/48,YY
2a00:79e0:589::/48,YY
2a00:79e0:58a::/48,YY
2a00:79e0:58b::/48,YY
2a00:79e0:58c::/48,YY
2a00:79e0:58d::/48,YY
2a00:79e0:58e::/48,YY
2a00:79e0:58f::/48,YY
2a00:79e0:590::/48,YY
2a00:79e0:591::/48,YY
2a00:79e0:592::/48,YY
2a00:79e0:593::/48,YY
2a00:79e0:594::/48,YY
2a00:79e0:595::/48,YY
2a00:79e0:596::/48,YY
2a00:79e0:597::/48,YY
2a00:79e0:598::/48,YY
2a00:79e0:599::/48,YY
2a00:79e0:59a::/48,YY
2a00:79e0:59b::/48,YY
2a00:79e0:59c::/48,YY
2a00:79e0:59d::/48,YY
2a00:79e0:59e::/48,YY
2a00:79e0:59f::/48,YY
2a00:79e0:5a0::/48,YY
2a00:79e0:5a1::/48,YY
2a00:79e0:5a2::/48,YY
2a00:79e0:5a3::/48,YY
2a00:79e0:5a4::/48,YY
2a00:79e0:5a5::/48,YY
2a00:79e0:5a6::/48,YY
2a00:79e0:5a7::/48,YY
2a00:79e0:5a8::/48,YY
2a00:79e0:5a9::/48,YY
2a00:79e0:5aa::/48,YY
2a00:79e0:5ab::/48,YY
2a00:79e0:5ac::/48,YY
2a00:79e0:5ad::/48,YY
2a00:79e0:5ae::/48,YY
2a00:79e0:5af::/48,YY
2a00:79e0:5b0::/48,YY
2a00:79e0:5b1::/48,YY
2a00:79e0:5b2::/48,YY
2a00:79e0:5b3::/48,YY
2a00:79e0:5b4::/48,YY
2a00:79e0:5b5::/48,YY
2a00:79e0:5b6::/48,YY
2a00:79e0:5b7::/48,YY
2a00:79e0:5b8::/48,YY
2a00:79e0:5b9::/48,YY
2a00:79e0:5ba::/48,YY
2a00:79e0:5bb::/48,YY
2a00:79e0:5bc::/48,YY
2a00:79e0:5bd::/48,YY
2a00:79e0:5be::/48,YY
2a00:79e0:5bf::/48,YY
2a00:79e0:5c0::/48,YY
2a00:79e0:5c1::/48,YY
2a00:79e0:5c2::/48,YY
2a00:79e0:5c3::/48,YY
2a00:79e0:5c4::/48,YY
2a00:79e0:5c5::/48,YY
2a00:79e0:5c6::/48,YY
2a00:79e0:5c7::/48,YY
2a00:79e0:5c8::/48,YY
2a00:79e0:5c9::/48,YY
2a00:79e0:5ca::/48,YY
2a00:79e0:5cb::/48,YY
2a00:79e0:5cc::/48,YY
2a00:79e0:5cd::/48,YY
2a00:79e0:5ce::/48,YY
2a00:79e0:5cf::/48,YY
2a00:79e0:5d0::/48,YY
2a00:79e0:5d1::/48,YY
2a00:79e0:5d2::/48,YY
2a00:79e0:5d3::/48,YY
2a00:79e0:5d4::/48,YY
2a00:79e0:5d5::/48,YY
2a00:79e0:5d6::/48,YY
2a00:79e0:5d7::/48,YY
2a00:79e0:5d8::/48,YY
2a00:79e0:5d9::/48,YY
2a00:79e0:5da::/48,YY
2a00:79e0:5db::/48,YY
2a00:79e0:5dc::/48,YY
2a00:79e0:5dd::/48,YY
2a00:79e0:5de::/48,YY
2a00:79e0:5df::/48,YY
2a00:79e0:5e0::/48,YY
2a00:79e0:5e1::/48,YY
2a00:79e0:5e2::/48,YY
2a00:79e0:5e3::/48,YY
2a00:79e0:5e4::/48,YY
2a00:79e0:5e5::/48,YY
2a00:79e0:5e6::/48,YY
2a00:79e0:5e7::/48,YY
2a00:79e0:5e8::/48,YY
2a00:79e0:5e9::/48,YY
2a00:79e0:5ea::/48,YY
2a00:79e0:5eb::/48,YY
2a00:79e0:5ec::/48,YY
2a00:79e0:5ed::/48,YY
2a00:79e0:5ee::/48,YY
2a00:79e0:5ef::/48,YY
2a00:79e0:5f0::/48,YY
2a00:79e0:5f1::/48,YY
2a00:79e0:5f2::/48,YY
2a00:79e0:5f3::/48,YY
2a00:79e0:5f4::/48,YY
2a00:79e0:5f5::/48,YY
2a00:79e0:5f6::/48,YY
2a00:79e0:5f7::/48,YY
2a00:79e0:5f8::/48,YY
2a00:79e0:5f9::/48,YY
2a00:79e0:5fa::/48,YY
2a00:79e0:5fb::/48,YY
2a00:79e0:5fc::/48,YY
2a00:79e0:5fd::/48,YY
2a00:79e0:5fe::/48,YY
2a00:79e0:5ff::/48,YY
2a00:79e1:380::/48,YY
2a00:79e1:381::/48,YY
2a00:79e1:382::/48,YY
2a00:79e1:383::/48,YY
2a00:79e1:384::/48,YY
2a00:79e1:385::/48,YY
2a00:79e1:386::/48,YY
2a00:79e1:387::/48,YY
2a00:79e1:388::/48,YY
2a00:79e1:389::/48,YY
2a00:79e1:38a::/48,YY
2a00:79e1:38b::/48,YY
2a00:79e1:38c::/48,YY
2a00:79e1:38d::/48,YY
2a00:79e1:38e::/48,YY
2a00:79e1:38f::/48,YY
2a00:79e1:390::/48,YY
2a00:79e1:391::/48,YY
2a00:79e1:392::/48,YY
2a00:79e1:393::/48,YY
2a00:79e1:394::/48,YY
2a00:79e1:395::/48,YY
2a00:79e1:396::/48,YY
2a00:79e1:397::/48,YY
2a00:79e1:398::/48,YY
2a00:79e1:399::/48,YY
2a00:79e1:39a::/48,YY
2a00:79e1:39b::/48,YY
2a00:79e1:39c::/48,YY
2a00:79e1:39d::/48,YY
2a00:79e1:39e::/48,YY
2a00:79e1:39f::/48,YY
2a00:79e1:3a0::/48,YY
2a00:79e1:3a1::/48,YY
2a00:79e1:3a2::/48,YY
2a00:79e1:3a3::/48,YY
2a00:79e1:3a4::/48,YY
2a00:79e1:3a5::/48,YY
2a00:79e1:3a6::/48,YY
2a00:79e1:3a7::/48,YY
2a00:79e1:3a8::/48,YY
2a00:79e1:3a9::/48,YY
2a00:79e1:3aa::/48,YY
2a00:79e1:3ab::/48,YY
2a00:79e1:3ac::/48,YY
2a00:79e1:3ad::/48,YY
2a00:79e1:3ae::/48,YY
2a00:79e1:3af::/48,YY
2a00:79e1:3b0::/48,YY
2a00:79e1:3b1::/48,YY
2a00:79e1:3b2::/48,YY
2a00:79e1:3b3::/48,YY
2a00:79e1:3b4::/48,YY
2a00:79e1:3b5::/48,YY
2a00:79e1:3b6::/48,YY
2a00:79e1:3b7::/48,YY
2a00:79e1:3b8::/48,YY
2a00:79e1:3b9::/48,YY
2a00:79e1:3ba::/48,YY
2a00:79e1:3bb::/48,YY
2a00:79e1:3bc::/48,YY
2a00:79e1:3bd::/48,YY
2a00:79e1:3be::/48,YY
2a00:79e1:3bf::/48,YY
2a00:79e1:f00::/48,YY
2a00:79e1:f01::/48,YY
2a00:79e1:f02::/48,YY
2a00:79e1:f03::/48,YY
2a00:79e1:f04::/48,YY
2a00:79e1:f05::/48,YY
2a00:79e1:f06::/48,YY
2a00:79e1:f07::/48,YY
2a00:79e1:f08::/48,YY
2a00:79e1:f09::/48,YY
2a00:79e1:f0a::/48,YY
2a00:79e1:f0b::/48,YY
2a00:79e1:f0c::/48,YY
2a00:79e1:f0d::/48,YY
2a00:79e1:f0e::/48,YY
2a00:79e1:f0f::/48,YY
2a00:79e1:f10::/48,YY
2a00:79e1:f11::/48,YY
2a00:79e1:f12::/48,YY
2a00:79e1:f13::/48,YY
2a00:79e1:f14::/48,YY
2a00:79e1:f15::/48,YY
2a00:79e1:f16::/48,YY
2a00:79e1:f17::/48,YY
2a00:79e1:f18::/48,YY
2a00:79e1:f19::/48,YY
2a00:79e1:f1a::/48,YY
2a00:79e1:f1b::/48,YY
2a00:79e1:f1c::/48,YY
2a00:79e1:f1d::/48,YY
2a00:79e1:f1e::/48,YY
2a00:79e1:f1f::/48,YY
2a00:79e1:f20::/48,YY
2a00:79e1:f21::/48,YY
2a00:79e1:f22::/48,YY
2a00:79e1:f23::/48,YY
2a00:79e1:f24::/48,YY
2a00:79e1:f25::/48,YY
2a00:79e1:f26::/48,YY
2a00:79e1:f27::/48,YY
2a00:79e1:f28::/48,YY
2a00:79e1:f29::/48,YY
2a00:79e1:f2a::/48,YY
2a00:79e1:f2b::/48,YY
2a00:79e1:f2c::/48,YY
2a00:79e1:f2d::/48,YY
2a00:79e1:f2e::/48,YY
2a00:79e1:f2f::/48,YY
2a00:79e1:f30::/48,YY
2a00:79e1:f31::/48,YY
2a00:79e1:f32::/48,YY
2a00:79e1:f33::/48,YY
2a00:79e1:f34::/48,YY
2a00:79e1:f35::/48,YY
2a00:79e1:f36::/48,YY
2a00:79e1:f37::/48,YY
2a00:79e1:f38::/48,YY
2a00:79e1:f39::/48,YY
2a00:79e1:f3a::/48,YY
2a00:79e1:f3b::/48,YY
2a00:79e1:f3c::/48,YY
2a00:79e1:f3d::/48,YY
2a00:79e1:f3e::/48,YY
2a00:79e1:f3f::/48,YY
2a00:79e1:f40::/48,YY
2a00:79e1:f41::/48,YY
2a00:79e1:f42::/48,YY
2a00:79e1:f43::/48,YY
2a00:79e1:f44::/48,YY
2a00:79e1:f45::/48,YY
2a00:79e1:f46::/48,YY
2a00:79e1:f47::/48,YY
2a00:79e1:f48::/48,YY
2a00:79e1:f49::/48,YY
2a00:79e1:f4a::/48,YY
2a00:79e1:f4b::/48,YY
2a00:79e1:f4c::/48,YY
2a00:79e1:f4d::/48,YY
2a00:79e1:f4e::/48,YY
2a00:79e1:f4f::/48,YY
2a00:79e1:f50::/48,YY
2a00:79e1:f51::/48,YY
2a00:79e1:f52::/48,YY
2a00:79e1:f53::/48,YY
2a00:79e1:f54::/48,YY
2a00:79e1:f55::/48,YY
2a00:79e1:f56::/48,YY
2a00:79e1:f57::/48,YY
2a00:79e1:f58::/48,YY
2a00:79e1:f59::/48,YY
2a00:79e1:f5a::/48,YY
2a00:79e1:f5b::/48,YY
2a00:79e1:f5c::/48,YY
2a00:79e1:f5d::/48,YY
2a00:79e1:f5e::/48,YY
2a00:79e1:f5f::/48,YY
2a00:79e1:f60::/48,YY
2a00:79e1:f61::/48,YY
2a00:79e1:f62::/48,YY
2a00:79e1:f63::/48,YY
2a00:79e1:f64::/48,YY
2a00:79e1:f65::/48,YY
2a00:79e1:f66::/48,YY
2a00:79e1:f67::/48,YY
2a00:79e1:f68::/48,YY
2a00:79e1:f69::/48,YY
2a00:79e1:f6a::/48,YY
2a00:79e1:f6b::/48,YY
2a00:79e1:f6c::/48,YY
2a00:79e1:f6d::/48,YY
2a00:79e1:f6e::/48,YY
2a00:79e1:f6f::/48,YY
2a00:79e1:f70::/48,YY
2a00:79e1:f71::/48,YY
2a00:79e1:f72::/48,YY
2a00:79e1:f73::/48,YY
2a00:79e1:f74::/48,YY
2a00:79e1:f75::/48,YY
2a00:79e1:f76::/48,YY
2a00:79e1:f77::/48,YY
2a00:79e1:f78::/48,YY
2a00:79e1:f79::/48,YY
2a00:79e1:f7a::/48,YY
2a00:79e1:f7b::/48,YY
2a00:79e1:f7c::/48,YY
2a00:79e1:f7d::/48,YY
2a00:79e1:f7e::/48,YY
2a00:79e1:f7f::/48,YY
2a00:79e1:f80::/48,YY
2a00:79e1:f81::/48,YY
2a00:79e1:f82::/48,YY
2a00:79e1:f83::/48,YY
2a00:79e1:f84::/48,YY
2a00:79e1:f85::/48,YY
2a00:79e1:f86::/48,YY
2a00:79e1:f87::/48,YY
2a00:79e1:f88::/48,YY
2a00:79e1:f89::/48,YY
2a00:79e1:f8a::/48,YY
2a00:79e1:f8b::/48,YY
2a00:79e1:f8c::/48,YY
2a00:79e1:f8d::/48,YY
2a00:79e1:f8e::/48,YY
2a00:79e1:f8f::/48,YY
2a00:79e1:f90::/48,YY
2a00:79e1:f91::/48,YY
2a00:79e1:f92::/48,YY
2a00:79e1:f93::/48,YY
2a00:79e1:f94::/48,YY
2a00:79e1:f95::/48,YY
2a00:79e1:f96::/48,YY
2a00:79e1:f97::/48,YY
2a00:79e1:f98::/48,YY
2a00:79e1:f99::/48,YY
2a00:79e1:f9a::/48,YY
2a00:79e1:f9b::/48,YY
2a00:79e1:f9c::/48,YY
2a00:79e1:f9d::/48,YY
2a00:79e1:f9e::/48,YY
2a00:79e1:f9f::/48,YY
2a00:79e1:fa0::/48,YY
2a00:79e1:fa1::/48,YY
2a00:79e1:fa2::/48,YY
2a00:79e1:fa3::/48,YY
2a00:79e1:fa4::/48,YY
2a00:79e1:fa5::/48,YY
2a00:79e1:fa6::/48,YY
2a00:79e1:fa7::/48,YY
2a00:79e1:fa8::/48,YY
2a00:79e1:fa9::/48,YY
2a00:79e1:faa::/48,YY
2a00:79e1:fab::/48,YY
2a00:79e1:fac::/48,YY
2a00:79e1:fad::/48,YY
2a00:79e1:fae::/48,YY
2a00:79e1:faf::/48,YY
2a00:79e1:fb0::/48,YY
2a00:79e1:fb1::/48,YY
2a00:79e1:fb2::/48,YY
2a00:79e1:fb3::/48,YY
2a00:79e1:fb4::/48,YY
2a00:79e1:fb5::/48,YY
2a00:79e1:fb6::/48,YY
2a00:79e1:fb7::/48,YY
2a00:79e1:fb8::/48,YY
2a00:79e1:fb9::/48,YY
2a00:79e1:fba::/48,YY
2a00:79e1:fbb::/48,YY
2a00:79e1:fbc::/48,YY
2a00:79e1:fbd::/48,YY
2a00:79e1:fbe::/48,YY
2a00:79e1:fbf::/48,YY
2a00:79e1:fc0::/48,YY
2a00:79e1:fc1::/48,YY
2a00:79e1:fc2::/48,YY
2a00:79e1:fc3::/48,YY
2a00:79e1:fc4::/48,YY
2a00:79e1:fc5::/48,YY
2a00:79e1:fc6::/48,YY
2a00:79e1:fc7::/48,YY
2a00:79e1:fc8::/48,YY
2a00:79e1:fc9::/48,YY
2a00:79e1:fca::/48,YY
2a00:79e1:fcb::/48,YY
2a00:79e1:fcc::/48,YY
2a00:79e1:fcd::/48,YY
2a00:79e1:fce::/48,YY
2a00:79e1:fcf::/48,YY
2a00:79e1:fd0::/48,YY
2a00:79e1:fd1::/48,YY
2a00:79e1:fd2::/48,YY
2a00:79e1:fd3::/48,YY
2a00:79e1:fd4::/48,YY
2a00:79e1:fd5::/48,YY
2a00:79e1:fd6::/48,YY
2a00:79e1:fd7::/48,YY
2a00:79e1:fd8::/48,YY
2a00:79e1:fd9::/48,YY
2a00:79e1:fda::/48,YY
2a00:79e1:fdb::/48,YY
2a00:79e1:fdc::/48,YY
2a00:79e1:fdd::/48,YY
2a00:79e1:fde::/48,YY
2a00:79e1:fdf::/48,YY
2a00:79e1:fe0::/48,YY
2a00:79e1:fe1::/48,YY
2a00:79e1:fe2::/48,YY
2a00:79e1:fe3::/48,YY
2a00:79e1:fe4::/48,YY
2a00:79e1:fe5::/48,YY
2a00:79e1:fe6::/48,YY
2a00:79e1:fe7::/48,YY
2a00:79e1:fe8::/48,YY
2a00:79e1:fe9::/48,YY
2a00:79e1:fea::/48,YY
2a00:79e1:feb::/48,YY
2a00:79e1:fec::/48,YY
2a00:79e1:fed::/48,YY
2a00:79e1:fee::/48,YY
2a00:79e1:fef::/48,YY
2a00:79e1:ff0::/48,YY
2a00:79e1:ff1::/48,YY
2a00:79e1:ff2::/48,YY
2a00:79e1:ff3::/48,YY
2a00:79e1:ff4::/48,YY
2a00:79e1:ff5::/48,YY
2a00:79e1:ff6::/48,YY
2a00:79e1:ff7::/48,YY
2a00:79e1:ff8::/48,YY
2a00:79e1:ff9::/48,YY
2a00:79e1:ffa::/48,YY
2a00:79e1:ffb::/48,YY
2a00:79e1:ffc::/48,YY
2a00:79e1:ffd::/48,YY
2a00:79e1:ffe::/48,YY
2a00:79e1:fff::/48,YY
2404:f340:4000::/44,YY
2404:f340::/44,YY
2600:1900:4000::/44,YY
2600:1900:4010::/44,YY
2600:1900:4020::/44,YY
2600:1900:4030::/44,YY
2600:1900:4040::/44,YY
2600:1900:4050::/44,YY
2600:1900:4060::/44,YY
2600:1900:4070::/44,YY
2600:1900:4080::/44,YY
2600:1900:4090::/44,YY
2600:1900:40a0::/44,YY
2600:1900:40b0::/44,YY
2600:1900:40c0::/44,YY
2600:1900:40d0::/44,YY
2600:1900:40e0::/44,YY
2600:1900:40f0::/44,YY
2600:1900:4100::/44,YY
2600:1900:4120::/44,YY
2600:1900:4140::/44,YY
2600:1900:4150::/44,YY
2600:1900:4160::/44,YY
2600:1900:4170::/44,YY
2600:1900:4180::/44,YY
2600:1900:4190::/44,YY
2600:1900:41a0::/44,YY
2600:1900:41b0::/44,YY
2600:1900:41c0::/44,YY
2600:1900:41d0::/44,YY
2600:1900:41e0::/44,YY
2600:1901:4010::/44,YY
2600:1901:8100::/44,YY
2600:1901:8110::/44,YY
2600:1901:8120::/44,YY
2600:1901:8130::/44,YY
2600:1901:8140::/44,YY
2600:1901:8150::/44,YY
2600:1901:8160::/44,YY
2600:1901:8170::/44,YY
2600:1901:8180::/44,YY
2600:1901:8190::/44,YY
2600:1901:81a0::/44,YY
2600:1901:81b0::/44,YY
2600:1901:81c0::/44,YY
2600:1901:81f0::/44,YY
2600:1901:bdd0::/44,YY
2600:1901:c0a0::/44,YY
2600:1901:c0b0::/44,YY
2600:1901:c0c0::/44,YY
2600:1901:c120::/44,YY
2600:1901:ff80::/44,YY
2600:1901:ffa0::/44,YY
2600:1901:ffb0::/44,YY
2600:1901:ffc0::/44,YY
2600:1901:ffd0::/44,YY
2600:1901:ffe0::/44,YY
2600:1901:fff0::/44,YY
2600:1904::/31,YY
2600:1906::/31,YY
2606:f4c0:2000::/36,YY
2620:121:5050::/44,YY
2620:98:E005::/48,YY
2404:f340::/34,YY
2404:f340:4000::/34,YY
2a00:79e0:39::/48,YY
2a00:79e0:6::/48,YY
2a00:79e0:b::/48,YY
2a00:79e0:c::/48,YY
2a00:79e1:100::/48,YY
2001:4860:4805::/48,YY
2620:11a:a0f1::/48,YY
2620:11a:a0f2::/48,YY
2620:11a:a0f3::/48,YY
2620:11a:a0f4::/48,YY
2620:11a:a0f5::/48,YY
2620:11a:a0f6::/48,YY
2620:11a:a0f7::/48,YY
2620:11a:a0f8::/48,YY
2620:11a:a0f9::/48,YY
2620:11a:a0fa::/48,YY
2620:11a:a0fb::/48,YY
2620:11a:a0fc::/48,YY
2620:11a:a0fd::/48,YY
2620:11a:a0fe::/48,YY
2620:11a:a0ff::/48,YY
